<?xml version="1.0" encoding="UTF-8"?>
<beans xmlns="http://www.springframework.org/schema/beans"
	xmlns:xsi="http://www.w3.org/2001/XMLSchema-instance"
	xmlns:context="http://www.springframework.org/schema/context"
	xsi:schemaLocation="http://www.springframework.org/schema/beans http://www.springframework.org/schema/beans/spring-beans.xsd
		http://www.springframework.org/schema/context http://www.springframework.org/schema/context/spring-context-4.0.xsd">

<context:property-placeholder location="classpath:config/dbconn.properties"/>

<!-- 1. DataSource API 빈 정의 -->
<bean id="dataSource" class="org.apache.commons.dbcp.BasicDataSource">
	<property name="driverClassName" value="${jdbc.oracle.driver}" />
	<property name="url" value="${jdbc.oracle.url}" />
	<property name="username" value="${jdbc.oracle.username}" />
	<property name="password" value="${jdbc.oracle.password}" />
</bean>

<!-- 2. MyBatis Framework API 빈 정의 :: SqlSessionFactory, SqlSession -->
<bean id="sqlSessionFactoryBean" class="org.mybatis.spring.SqlSessionFactoryBean">
	<property name="configLocation" value="classpath:config/SqlMapConfig.xml" />
	<property name="dataSource" ref="dataSource"/>
</bean>

<bean id="sqlSessionTemplate" class="org.mybatis.spring.SqlSessionTemplate">
	<constructor-arg name="sqlSessionFactory" ref="sqlSessionFactoryBean"/>
</bean>

<!--  3. Business Logic Layer Bean :: Service + Persistence Layer-->
<context:component-scan base-package="com.service.spring.model" />
</beans>








